<?xml version="1.0" encoding="UTF-8"?>
<jcr:root xmlns:sling="http://sling.apache.org/jcr/sling/1.0" xmlns:granite="http://www.adobe.com/jcr/granite/1.0" xmlns:cq="http://www.day.com/jcr/cq/1.0" xmlns:jcr="http://www.jcp.org/jcr/1.0" xmlns:nt="http://www.jcp.org/jcr/nt/1.0"
    jcr:primaryType="nt:unstructured"
    jcr:title="Properties"
    sling:resourceType="cq/gui/components/authoring/dialog">
    <content
        jcr:primaryType="nt:unstructured"
        sling:resourceType="granite/ui/components/coral/foundation/fixedcolumns">
        <items jcr:primaryType="nt:unstructured">
            <column
                jcr:primaryType="nt:unstructured"
                sling:resourceType="granite/ui/components/coral/foundation/container">
                <items
                    jcr:primaryType="nt:unstructured"
                    jcr:title="initial field details">
                    <text
                        jcr:primaryType="nt:unstructured"
                        sling:resourceType="granite/ui/components/coral/foundation/form/textfield"
                        fieldLabel="Text"
                        name="./text"/>
                    <password
                        jcr:primaryType="nt:unstructured"
                        sling:resourceType="granite/ui/components/coral/foundation/form/password"
                        fieldLabel="PSD"
                        name="./psd"/>
                    <link
                        jcr:primaryType="nt:unstructured"
                        sling:resourceType="granite/ui/components/coral/foundation/form/pathfield"
                        fieldLabel="Link"
                        name="./link"/>
                    <link1
                        jcr:primaryType="nt:unstructured"
                        sling:resourceType="granite/ui/components/coral/foundation/form/pathbrowser"
                        fieldLabel="Linkbrowser"
                        name="./link1"/>
                    <alignment
                        jcr:primaryType="nt:unstructured"
                        sling:resourceType="granite/ui/components/coral/foundation/form/select"
                        fieldLabel="Content Alignment"
                        name="./alignment">
                        <items jcr:primaryType="nt:unstructured">
                            <left
                                jcr:primaryType="nt:unstructured"
                                text="Left"
                                value="middel-left"/>
                            <right
                                jcr:primaryType="nt:unstructured"
                                text="Right"
                                value="middel-right"/>
                        </items>
                    </alignment>
                    <backgrounddetails
                        jcr:primaryType="nt:unstructured"
                        jcr:title="Background Style"
                        sling:resourceType="granite/ui/components/coral/foundation/container">
                        <items jcr:primaryType="nt:unstructured">
                            <column
                                jcr:primaryType="nt:unstructured"
                                sling:resourceType="granite/ui/components/coral/foundation/container">
                                <items jcr:primaryType="nt:unstructured">
                                    <backgourndcolor
                                        jcr:primaryType="nt:unstructured"
                                        sling:resourceType="granite/ui/components/coral/foundation/form/colorfield"
                                        fieldLabel="Background Color:"
                                        name="./backgroundColor"/>
                                    <backgroundImage
                                        jcr:primaryType="nt:unstructured"
                                        sling:resourceType="granite/ui/components/coral/foundation/form/pathfield"
                                        autoStart="{Boolean}false"
                                        class="cq-droptarget"
                                        fieldLabel="Upload Background Image:"
                                        fileReferenceParameter="./backgroundImage"
                                        mimeTypes="[image/gif,image/jpeg,image/png,image/webp,image/tiff,video/mp4,video/webm&#xa;,video/ogg&#xa;]"
                                        multiple="{Boolean}false"
                                        name="./blrImage"
                                        uploadUrl="${suffix.path}"
                                        useHTML5="{Boolean}true"/>
                                    <backgroundoption
                                        granite:class="cq-dialog-dropdown-showhide"
                                        jcr:primaryType="nt:unstructured"
                                        sling:resourceType="granite/ui/components/coral/foundation/form/select"
                                        fieldLabel="Background Option"
                                        name="./backgroundoption">
                                        <items jcr:primaryType="nt:unstructured">
                                            <image
                                                jcr:primaryType="nt:unstructured"
                                                text="Image"
                                                value="image"/>
                                            <color
                                                jcr:primaryType="nt:unstructured"
                                                text="Color"
                                                value="color"/>
                                        </items>
                                    </backgroundoption>
                                </items>
                            </column>
                        </items>
                    </backgrounddetails>
                    <promoCarousel
                        jcr:primaryType="nt:unstructured"
                        jcr:title="Promo Carousel Details"
                        sling:resourceType="granite/ui/components/coral/foundation/container">
                        <items jcr:primaryType="nt:unstructured">
                            <column
                                jcr:primaryType="nt:unstructured"
                                sling:resourceType="granite/ui/components/coral/foundation/container">
                                <items jcr:primaryType="nt:unstructured">
                                    <promoCarousel
                                        jcr:primaryType="nt:unstructured"
                                        sling:resourceType="granite/ui/components/coral/foundation/form/multifield"
                                        composite="{Boolean}true"
                                        fieldLabel="Promo Carousel Details">
                                        <field
                                            jcr:primaryType="nt:unstructured"
                                            sling:resourceType="granite/ui/components/coral/foundation/form/fieldset"
                                            name="./promcarousel">
                                            <items jcr:primaryType="nt:unstructured">
                                                <column
                                                    jcr:primaryType="nt:unstructured"
                                                    sling:resourceType="granite/ui/components/coral/foundation/container">
                                                    <items jcr:primaryType="nt:unstructured">
                                                        <carouselImage
                                                            jcr:primaryType="nt:unstructured"
                                                            sling:resourceType="granite/ui/components/coral/foundation/form/pathbrowser"
                                                            allowUpload="{Boolean}false"
                                                            autoStart="{Boolean}false"
                                                            class="cq-droptarget"
                                                            fieldLabel="Carousel Image"
                                                            fileReferenceParameter="./carouselImage"
                                                            mimeTypes="[image/gif,image/jpeg,image/png,image/webp,image/tiff,video/mp4,video/webm,video/ogg]"
                                                            multiple="{Boolean}false"
                                                            name="./crlImage"
                                                            required="{Boolean}true"
                                                            rootPath="/content/dam/"
                                                            uploadUrl="${suffix.path}"
                                                            useHTML5="{Boolean}true"/>
                                                        <imageAltText
                                                            jcr:primaryType="nt:unstructured"
                                                            sling:resourceType="granite/ui/components/coral/foundation/form/textfield"
                                                            fieldDescription="Alternative Text for Image"
                                                            fieldLabel="Image Alternative Text"
                                                            name="./imageAltText"
                                                            required="{Boolean}true"/>
                                                        <title
                                                            jcr:primaryType="nt:unstructured"
                                                            sling:resourceType="granite/ui/components/coral/foundation/form/textfield"
                                                            fieldDescription="Heading of the carousel"
                                                            fieldLabel="Title"
                                                            name="./title"/>
                                                        <description
                                                            cq:xfVariantType="web"
                                                            jcr:primaryType="nt:unstructured"
                                                            sling:resourceType="cq/gui/components/authoring/dialog/richtext"
                                                            fieldDescription="Description of the carousel"
                                                            fieldLabel="Description"
                                                            height="20"
                                                            name="./description"
                                                            useFixedInlineToolbar="{Boolean}true">
                                                            <htmlRules
                                                                jcr:primaryType="nt:unstructured"
                                                                sling:resourceSuperType="mattel/play/components/content/playRtePlugins/htmlRules"/>
                                                            <rtePlugins
                                                                jcr:primaryType="nt:unstructured"
                                                                sling:resourceSuperType="mattel/play/components/content/playRtePlugins/rtePlugins"/>
                                                            <uiSettings
                                                                jcr:primaryType="nt:unstructured"
                                                                sling:resourceSuperType="mattel/play/components/content/playRtePlugins/uiSettings"/>
                                                        </description>
                                                        <mobileImage
                                                            jcr:primaryType="nt:unstructured"
                                                            sling:resourceType="granite/ui/components/coral/foundation/form/pathbrowser"
                                                            fieldLabel="Mobile Image"
                                                            mimeTypes="[image/gif,image/jpeg,image/png,image/webp,image/tiff,video/mp4,video/webm,video/ogg]"
                                                            name="./mobileImage"
                                                            rootPath="/content/dam"/>
                                                        <backgroundStyle
                                                            jcr:primaryType="nt:unstructured"
                                                            jcr:title="Background Style"
                                                            sling:resourceType="granite/ui/components/coral/foundation/container">
                                                            <items jcr:primaryType="nt:unstructured">
                                                                <column
                                                                    jcr:primaryType="nt:unstructured"
                                                                    sling:resourceType="granite/ui/components/coral/foundation/container">
                                                                    <items jcr:primaryType="nt:unstructured">
                                                                        <backgroundColor
                                                                            jcr:primaryType="nt:unstructured"
                                                                            sling:resourceType="granite/ui/components/coral/foundation/form/colorfield"
                                                                            fieldLabel="Background Color:"
                                                                            name="./backgroundColor"/>
                                                                        <backgroundImage
                                                                            jcr:primaryType="nt:unstructured"
                                                                            sling:resourceType="granite/ui/components/coral/foundation/form/pathfield"
                                                                            autoStart="{Boolean}false"
                                                                            class="cq-droptarget"
                                                                            fieldLabel="Upload Background Image:"
                                                                            fileReferenceParameter="./backgroundImage"
                                                                            mimeTypes="[image/gif,image/jpeg,image/png,image/webp,image/tiff,video/mp4,video/webm&#xa;,video/ogg&#xa;]"
                                                                            multiple="{Boolean}false"
                                                                            name="./blrImage"
                                                                            uploadUrl="${suffix.path}"
                                                                            useHTML5="{Boolean}true"/>
                                                                        <backgroundoption
                                                                            granite:class="cq-dialog-dropdown-showhide"
                                                                            jcr:primaryType="nt:unstructured"
                                                                            sling:resourceType="granite/ui/components/coral/foundation/form/select"
                                                                            fieldLabel="Background Option"
                                                                            name="./backgroundoption">
                                                                            <items jcr:primaryType="nt:unstructured">
                                                                                <image
                                                                                    jcr:primaryType="nt:unstructured"
                                                                                    text="Image"
                                                                                    value="image"/>
                                                                                <color
                                                                                    jcr:primaryType="nt:unstructured"
                                                                                    text="Color"
                                                                                    value="color"/>
                                                                            </items>
                                                                        </backgroundoption>
                                                                    </items>
                                                                </column>
                                                            </items>
                                                        </backgroundStyle>
                                                        <ctaLabel
                                                            jcr:primaryType="nt:unstructured"
                                                            sling:resourceType="granite/ui/components/coral/foundation/form/textfield"
                                                            fieldDescription="CTA Label for Carousel"
                                                            fieldLabel="CTA Label"
                                                            name="./ctaLabel"/>
                                                        <ctaLink
                                                            jcr:primaryType="nt:unstructured"
                                                            sling:resourceType="granite/ui/components/coral/foundation/form/pathfield"
                                                            fieldDescription="CTA Link for Carousel"
                                                            fieldLabel="CTA Link"
                                                            name="./ctaLink"/>
                                                        <openCtalinksin
                                                            jcr:primaryType="nt:unstructured"
                                                            sling:resourceType="granite/ui/components/coral/foundation/form/select"
                                                            fieldLabel="Open CTA Links In"
                                                            name="./clrTargetUrl">
                                                            <items jcr:primaryType="nt:unstructured">
                                                                <sameWindow
                                                                    jcr:primaryType="nt:unstructured"
                                                                    text="Same Window"
                                                                    value="sameWindow"/>
                                                                <newTab
                                                                    jcr:primaryType="nt:unstructured"
                                                                    text="New Tab"
                                                                    value="tabWindow"/>
                                                                <newWindow
                                                                    granite:hide="${cqDesign.disableSearch}"
                                                                    jcr:primaryType="nt:unstructured"
                                                                    text="New Window"
                                                                    value="newWindow"/>
                                                                <interstitial
                                                                    jcr:primaryType="nt:unstructured"
                                                                    text="Interstitial"
                                                                    value="interstitial"/>
                                                                <retailerInterstitial
                                                                    jcr:primaryType="nt:unstructured"
                                                                    text="Retailer Interstitial"
                                                                    value="retailerInterstitial"/>
                                                            </items>
                                                        </openCtalinksin>
                                                        <alignment
                                                            granite:class="cq-dialog-dropdown-showhide"
                                                            jcr:primaryType="nt:unstructured"
                                                            sling:resourceType="granite/ui/components/coral/foundation/form/select"
                                                            fieldLabel="Content Alignment"
                                                            name="./alignment">
                                                            <items jcr:primaryType="nt:unstructured">
                                                                <left
                                                                    jcr:primaryType="nt:unstructured"
                                                                    text="Left"
                                                                    value="middle-left"/>
                                                                <right
                                                                    jcr:primaryType="nt:unstructured"
                                                                    text="Right"
                                                                    value="middle-right"/>
                                                                <center
                                                                    jcr:primaryType="nt:unstructured"
                                                                    text="center"
                                                                    value="center"/>
                                                            </items>
                                                        </alignment>
                                                        <awalysEnglish
                                                            jcr:primaryType="nt:unstructured"
                                                            sling:resourceType="granite/ui/components/coral/foundation/form/textfield"
                                                            fieldDescription="Awalys English dealing with multi-lingual site tagging"
                                                            fieldLabel="Tagging Name"
                                                            name="./awalysEnglish"
                                                            required="{Boolean}true"/>
                                                    </items>
                                                </column>
                                            </items>
                                        </field>
                                        <granite:data
                                            jcr:primaryType="nt:unstructured"
                                            maxRetailersAllowed="3"/>
                                    </promoCarousel>
                                </items>
                            </column>
                        </items>
                    </promoCarousel>
                </items>
            </column>
        </items>
    </content>
</jcr:root>
